[
  {
    "name": "Blahaj having dinner",
    "url": "https://i.insider.com/615aaade542a580019a8939f?width=700"
  },
  {
    "name": "Blahaj eating a person",
    "url": "https://preview.redd.it/hazksdl6z8e61.jpg?auto=webp&s=de22c1dd9df8c0ea183cc072492ad4e4608bda84"
  },
  {
    "name": "Blahaj Chilling",
    "url": "https://ih1.redbubble.net/image.1856304844.2826/flat,750x,075,f-pad,750x1000,f8f8f8.jpg"
  },
  {
    "name": "Blahaj Bathing",
    "url": "https://cdni.rt.com/files/2021.09/article/6152cadf85f540791510929b.jpg"
  },
  {
    "name": "Blahaj going for a job interview",
    "url": "https://pbs.twimg.com/media/FFskr4XVQAA1AAZ?format=jpg&name=large"
  },
  {
    "name": "Blahaj House agent",
    "url": "https://c.tenor.com/MI1oqIhirk0AAAAd/blahaj-ikea.gif"
  },
  {
    "name": "Blahaj playing with other blahajs",
    "url": "https://c.tenor.com/3a_BHoflOosAAAAd/blahaj-shark.gif"
  },
  {
    "name": "Blahaj driving",
    "url": "https://pbs.twimg.com/profile_images/1037395958806532097/l9tvEUxB_400x400.jpg"
  },
  {
    "name": "Blahaj peting a cat",
    "url": "https://static.boredpanda.com/blog/wp-content/uploads/2018/10/BDQpm2iLeQ3-png__700.jpg"
  },
  {
    "name": "Blahaj business planning",
    "url": "https://i.kym-cdn.com/photos/images/newsfeed/002/210/079/016.jpg"
  },
  {
    "name": "Blahaj Studying",
    "url": "https://i.postimg.cc/7YbS2ckN/Bp-M8-Iywh9l-A-png-700.jpg"
  },
  {
    "name": "Blahaj Standing in corner",
    "url": "https://c.tenor.com/-F0X9WmjQngAAAAC/blahaj-corner.gif"
  },
  {
    "name": "Blahaj in washing machine",
    "url": "https://i.pinimg.com/736x/cd/0e/2f/cd0e2fddba7d7b3130481d527a437f6c.jpg"
  },
  {
    "name": "Blahaj washing machine",
    "url": "https://cf.shopee.com.my/file/a12f3b904bbef8ddd276de89172dbd2f_tn"
  },
  {
    "name": "Blahaj reading books",
    "url": "https://pbs.twimg.com/media/EUKZWNcUMAExjax.jpg"
  },
  {
    "name": "Blahaj having a dinner",
    "url": "https://www.asiaone.com/sites/default/files/original_images/Oct2021/ikea%20shark.jpg"
  },
  {
    "name": "Blahaj in a bus",
    "url": "https://c.tenor.com/H2xEJk2u8VkAAAAC/blahaj-bus.gif"
  },
  {
    "name": "Blahaj collage",
    "url": "https://i.imgur.com/DodYhjW.jpg"
  },
  {
    "name": "Blahaj playing a Piano",
    "url": "https://mustsharenews.com/wp-content/uploads/2019/12/ikea-shark-7.jpg"
  },
  {
    "name": "Blahajs looking at a monitor",
    "url": "https://i.kym-cdn.com/photos/images/original/002/210/168/c37.jpg"
  },
  {
    "name": "Blahaj rocking on some music",
    "url": "https://i.kym-cdn.com/photos/images/original/002/210/171/269.jpg"
  },
  {
    "name": "Blahaj munching on KFC",
    "url": "https://i.pinimg.com/550x/8b/59/de/8b59de5f831285128372eb93fb61128b.jpg"
  },
  {
    "name": "Blahaj Billionare",
    "url": "https://64.media.tumblr.com/8730b50ec02e3aa3f4b320f14383346a/bd57fa2af79433d5-95/s540x810/b817be33e0427db51e34b59a2915f06078c79a8f.jpg"
  },
  {
    "name": "Blahaj looking out the window",
    "url": "https://cf.shopee.ph/file/a32ced9679fe6f901cb7c8848659d93e"
  },
  {
    "name": "Blahaj eating cereal",
    "url": "https://viraltrend24.com/wp-content/uploads/2021/05/ikea-shark-plush-6.jpg"
  },
  {
    "name": "Blahaj having a dinner",
    "url": "https://preview.redd.it/d9t5h9rtip181.jpg?width=640&crop=smart&auto=webp&s=1dac3a24b73a59eab40b732743fb8473a2e1be7d"
  },
  {
    "name": "Blahaj being betrayed",
    "url": "https://media1.tenor.com/m/EDi5YeeBspIAAAAd/omg-i-love-my-blahaj-so-much-just-kidding-die.gif"
  },
  {
    "name": "Blahaj VS Cat",
    "url": "https://media1.tenor.com/m/eNDOA4cQmNYAAAAd/blahaj-cat.gif"
  },
  {
    "name": "Blahaj going to sleep",
    "url": "https://media1.tenor.com/m/cai6MV7B-CYAAAAd/blahaj-good-night.gif"
  },
  {
    "name": "Blahaj Salesman",
    "url": "https://media1.tenor.com/m/3_uilA5_CuUAAAAC/wave-waving.gif"
  },
  {
    "name": "Blahaj dinner party",
    "url": "https://i.insider.com/623b20a4c9edc20019f5edae?width=700"
  },
  {
    "name": "Blahaj getting hugged",
    "url": "https://preview.redd.it/blahaj-comforts-trans-girls-v0-xxu1hbx8n73a1.jpg?width=640&crop=smart&auto=webp&s=11803fa5f4290a96fb37cd3255d9b15601ef21ae"
  },
  {
    "name": "Blahaj and Rin Penrose",
    "url": "https://pbs.twimg.com/media/Fy9h0QKakAAwv9f?format=jpg&name=4096x4096"
  },
  {
    "name": "Amazing Blahaj",
    "url": "https://i.ytimg.com/vi/UmO5IvIXAk8/sddefault.jpg"
  }
]
