[
    {
        "url": "blob:https://drive.proton.me/d5660bd8-c39a-4d38-8bcf-f6d30590a261"
    },
    {
        "url": "blob:https://drive.proton.me/e1ef4461-2443-424e-b2a7-6403c3463212"
    },
    {
        "url": "blob:https://drive.proton.me/7514c129-2559-4ca8-aaac-f870dca8fabb"
    },
    {
        "url": "blob:https://drive.proton.me/312406de-fe1c-4673-a37d-71aa7e69038f"
    },
    {
        "url": "blob:https://drive.proton.me/7914fb7c-8455-476d-8535-62ab87116f12"
    },
    {
        "url": "blob:https://drive.proton.me/e6c90223-d9a3-4e6d-b2f8-87bb16590b6a"
    },
    {
        "url": "blob:https://drive.proton.me/08693170-0bd0-4152-b6fd-b7955a3b9544"
    },
    {
        "url": "blob:https://drive.proton.me/41562bc4-89ff-42a0-91c2-68edfc7278b6"
    },
    {
        "url": "blob:https://drive.proton.me/7921712c-3034-45d8-9e6b-d5966ab517bc"
    },
    {
        "url": "blob:https://drive.proton.me/76a33827-ae63-4a03-8766-4d4dcf3eb19a"
    },
    {
        "url": "blob:https://drive.proton.me/d2e8819b-e835-45a4-b788-5d14b264586a"
    },
    {
        "url": "blob:https://drive.proton.me/b1738707-f5cf-4712-b39e-dc6be87fad67"
    },
    {
        "url": "blob:https://drive.proton.me/7e544d67-bee8-48d3-9234-b4b0a50c9f8e"
    }
]