[
    {
        "url": "blob:https://drive.proton.me/73c2eb0f-4d70-45a0-a41b-23c1fb3868f2"
    },
    {
        "url": "blob:https://drive.proton.me/f1888864-9725-4bd9-9a24-18699105a432"
    },
    {
        "url": "blob:https://drive.proton.me/355ce6a0-c793-44b8-aac2-5f709d623ac3"
    },
    {
        "url": "blob:https://drive.proton.me/27be8c6f-a7d3-4a7e-b4e0-d01ce48f6480"
    },
    {
        "url": "blob:https://drive.proton.me/ebc8628b-5041-46d9-9daa-a9aebad3d9ea"
    },
    {
        "url": "blob:https://drive.proton.me/ad1c0258-47e3-4ac1-bdd8-dae900533a47"
    },
    {
        "url": "blob:https://drive.proton.me/1038761d-befc-4413-8424-af5d2c07aa17"
    },
    {
        "url": "blob:https://drive.proton.me/61079b18-a4a9-42d8-b775-80edd2f2e9a8"
    },
    {
        "url": "blob:https://drive.proton.me/5e0684a1-1119-4d04-909d-8095ecf78ae9"
    },
    {
        "url": "blob:https://drive.proton.me/7e27dab9-2e39-47ef-aa1b-167461dcf818"
    }
]